Date,SEDM
1990-01-31,34.62169359
1990-02-28,13.11473491
1990-03-31,13.48238191
1990-04-30,10.92568056
1990-05-31,16.16212031
1990-06-30,43.30404735
1990-07-31,30839.87696
1990-08-31,41937.53492
1990-09-30,26601.69478
1990-10-31,419.3111092
1990-11-30,73.64769955
1990-12-31,28.02539788
1991-01-31,14.56394044
1991-02-28,7.631213108
1991-03-31,8.425503409
1991-04-30,12.00157851
1991-05-31,24.4893533
1991-06-30,464.1486349
1991-07-31,48030.09527
1991-08-31,38991.03422
1991-09-30,18711.79622
1991-10-31,498.9558013
1991-11-30,85.83185247
1991-12-31,69.9576784
1992-01-31,43.99617863
1992-02-29,29.68404868
1992-03-31,61.75955616
1992-04-30,22.75064599
1992-05-31,57.41739584
1992-06-30,65.94187061
1992-07-31,37153.08583
1992-08-31,9513.704975
1992-09-30,17237.73751
1992-10-31,1066.470892
1992-11-30,265.3487128
1992-12-31,92.87018292
1993-01-31,39.05375138
1993-02-28,18.83043955
1993-03-31,15.52247447
1993-04-30,24.84026687
1993-05-31,64.2423929
1993-06-30,326.9234206
1993-07-31,49665.95772
1993-08-31,32409.12007
1993-09-30,24364.16973
1993-10-31,794.5995808
1993-11-30,208.2546799
1993-12-31,68.7768435
1994-01-31,34.34390345
1994-02-28,18.85252774
1994-03-31,13.53612513
1994-04-30,9.410052126
1994-05-31,30.99064277
1994-06-30,641.2103452
1994-07-31,49186.96593
1994-08-31,71536.5759
1994-09-30,43280.68821
1994-10-31,421.8540873
1994-11-30,124.8001653
1994-12-31,60.05495912
1995-01-31,31.30452509
1995-02-28,24.07715539
1995-03-31,32.96680638
1995-04-30,37.83934875
1995-05-31,47.36986038
1995-06-30,159.5604496
1995-07-31,35726.99365
1995-08-31,34618.83569
1995-09-30,23906.4202
1995-10-31,521.9688377
1995-11-30,302.5790565
1995-12-31,185.0553693
1996-01-31,107.5910109
1996-02-29,51.65334945
1996-03-31,75.6217235
1996-04-30,93.41389292
1996-05-31,244.9303621
1996-06-30,1823.770652
1996-07-31,103051.5381
1996-08-31,46489.54491
1996-09-30,24661.75085
1996-10-31,777.7576949
1996-11-30,393.5460062
1996-12-31,221.2108294
1997-01-31,155.6981108
1997-02-28,114.9880395
1997-03-31,147.3230584
1997-04-30,134.5007594
1997-05-31,227.245653
1997-06-30,1540.758578
1997-07-31,81659.74932
1997-08-31,34669.92878
1997-09-30,19344.47122
1997-10-31,1247.131609
1997-11-30,972.1356498
1997-12-31,245.2208268
1998-01-31,162.0127437
1998-02-28,5.006725085
1998-03-31,7.732645836
1998-04-30,21.28067263
1998-05-31,57.32920005
1998-06-30,343.9235534
1998-07-31,38592.50115
1998-08-31,31839.61303
1998-09-30,22378.99616
1998-10-31,591.9424759
1998-11-30,156.69335
1998-12-31,126.2510088
1999-01-31,98.05945328
1999-02-28,24.72850018
1999-03-31,16.56939234
1999-04-30,15.10402122
1999-05-31,22.28833538
1999-06-30,159.2143315
1999-07-31,40939.90456
1999-08-31,22490.43689
1999-09-30,12756.8877
1999-10-31,1257.091776
1999-11-30,231.1931462
1999-12-31,135.3053249
2000-01-31,109.7302852
2000-02-29,5.006725085
2000-03-31,36.1956392
2000-04-30,71.80762748
2000-05-31,56.2970186
2000-06-30,425.6095513
2000-07-31,61574.72158
2000-08-31,39707.08158
2000-09-30,12966.90136
2000-10-31,1011.625497
2000-11-30,234.5938297
2000-12-31,78.81440832
2001-01-31,47.09894534
2001-02-28,29.08757897
2001-03-31,40.05231221
2001-04-30,37.22480736
2001-05-31,56.34257027
2001-06-30,466.6086219
2001-07-31,53076.80198
2001-08-31,42275.0197
2001-09-30,13988.68803
2001-10-31,296.9203586
2001-11-30,109.200515
2001-12-31,55.60739739
2002-01-31,42.17143299
2002-02-28,30.28445071
2002-03-31,45.91605557
2002-04-30,48.29376077
2002-05-31,37.1246113
2002-06-30,757.8542726
2002-07-31,52514.28315
2002-08-31,35893.70136
2002-09-30,19401.9366
2002-10-31,267.8427232
2002-11-30,125.5799701
2002-12-31,77.85925241
2003-01-31,57.54217668
2003-02-28,46.64152656
2003-03-31,72.99833787
2003-04-30,67.0796237
2003-05-31,70.54403037
2003-06-30,461.1121387
2003-07-31,51517.83391
2003-08-31,40267.95286
2003-09-30,37777.41456
2003-10-31,985.822446
2003-11-30,147.3066577
2003-12-31,76.88068584
2004-01-31,56.5233021
2004-02-29,47.81060649
2004-03-31,60.67322661
2004-04-30,85.66544534
2004-05-31,76.75262611
2004-06-30,308.6216293
2004-07-31,45046.65964
2004-08-31,39087.09973
2004-09-30,12999.12192
2004-10-31,442.5236747
2004-11-30,149.4736379
2004-12-31,81.28236261
2005-01-31,59.66708481
2005-02-28,48.72500799
2005-03-31,82.86344295
2005-04-30,72.93218413
2005-05-31,106.5337267
2005-06-30,454.3575269
2005-07-31,43987.76372
2005-08-31,28062.67265
2005-09-30,46676.06796
2005-10-31,848.5538817
2005-11-30,164.9221862
2005-12-31,87.6215076
2006-01-31,63.43962405
2006-02-28,51.56565207
2006-03-31,75.64680366
2006-04-30,91.05755026
2006-05-31,203.2089088
2006-06-30,565.9073599
2006-07-31,30921.16988
2006-08-31,43647.88927
2006-09-30,34033.96826
2006-10-31,524.3774391
2006-11-30,173.6541032
2006-12-31,86.18502804
2007-01-31,59.54892214
2007-02-28,5.006725085
2007-03-31,7.732645836
2007-04-30,9.410052126
2007-05-31,196.7748808
2007-06-30,1407.697398
2007-07-31,65571.64075
2007-08-31,31448.08717
2007-09-30,41048.84121
2007-10-31,628.1509018
2007-11-30,133.487048
2007-12-31,115.9004469
2008-01-31,141.4631745
2008-02-29,48.82082343
2008-03-31,51.14114255
2008-04-30,128.1435902
2008-05-31,198.9057298
2008-06-30,1245.258647
2008-07-31,90557.69705
2008-08-31,67900.28748
2008-09-30,25837.44711
2008-10-31,289.353183
2008-11-30,314.8242828
2008-12-31,283.577523
2009-01-31,187.0197169
2009-02-28,90.6827559
2009-03-31,7.732645836
2009-04-30,9.410052126
2009-05-31,10.45856659
2009-06-30,111.2457217
2009-07-31,62038.69293
2009-08-31,47487.39951
2009-09-30,21129.982
2009-10-31,309.5162786
2009-11-30,99.47641171
2009-12-31,161.396016
2010-01-31,161.9940818
2010-02-28,5.006725085
2010-03-31,7.732645836
2010-04-30,9.410052126
2010-05-31,10.45856659
2010-06-30,1417.328133
2010-07-31,57103.19277
2010-08-31,26723.39658
2010-09-30,14074.77078
2010-10-31,791.3816973
2010-11-30,494.6972884
2010-12-31,512.5668222
2011-01-31,379.398418
2011-02-28,5.006725085
2011-03-31,427.557813
2011-04-30,9.410052126
2011-05-31,437.5069742
2011-06-30,1161.004229
2011-07-31,29613.5666
2011-08-31,15723.57083
2011-09-30,11103.76168
2011-10-31,462.986523
2011-11-30,500.4579282
2011-12-31,378.1365249
2012-01-31,49.10342896
2012-02-29,5.006725085
2012-03-31,59.60982746
2012-04-30,67.29588459
2012-05-31,92.40689374
2012-06-30,182.6516239
2012-07-31,53212.47971
2012-08-31,21244.8621
2012-09-30,8792.517065
2012-10-31,71.61539673
2012-11-30,151.0295417
2012-12-31,5.052540614
2013-01-31,5.02963285
2013-02-28,5.006725085
2013-03-31,7.732645836
2013-04-30,9.410052126
2013-05-31,10.45856659
2013-06-30,1147.499929
2013-07-31,56952.86543
2013-08-31,23082.81063
2013-09-30,15906.32267
2013-10-31,1130.894028
2013-11-30,320.7301359
2013-12-31,77.30846165
2014-01-31,34.59343391
2014-02-28,5.006725085
2014-03-31,68.1710311
2014-04-30,9.410052126
2014-05-31,844.9179209
2014-06-30,281.5241724
2014-07-31,42983.07693
2014-08-31,19195.51114
2014-09-30,14903.75402
2014-10-31,937.4826677
2014-11-30,336.1852383
2014-12-31,394.4512463
2015-01-31,80.29233351
2015-02-28,5.006725085
2015-03-31,7.732645836
2015-04-30,9.410052126
2015-05-31,694.049268
2015-06-30,1674.666708
2015-07-31,38271.82743
2015-08-31,32507.66542
2015-09-30,19059.57265
2015-10-31,543.9816149
2015-11-30,541.8321515
2015-12-31,550.1705166
2016-01-31,120.5714709
2016-02-29,5.006725085
2016-03-31,7.732645836
2016-04-30,275.6638022
2016-05-31,1141.865465
2016-06-30,1742.941571
2016-07-31,54523.80182
2016-08-31,39214.45026
2016-09-30,15760.15693
2016-10-31,1000.983052
2016-11-30,1502.059196
2016-12-31,309.588502
2017-01-31,120.0827115
2017-02-28,5.006725085
2017-03-31,103.4693092
2017-04-30,337.3561807
2017-05-31,592.8307595
2017-06-30,631.5742472
2017-07-31,106784.9065
2017-08-31,24605.89335
2017-09-30,20116.10571
2017-10-31,1062.608987
2017-11-30,362.2921904
2017-12-31,148.8891402
